id,label,outlier
0,3,0
1,1,1
2,3,0
3,2,0
4,0,1
5,1,1
6,3,0
7,1,0
8,0,1
9,1,0
10,2,1
11,0,0
12,0,0
13,0,1
14,2,0
15,1,0
16,3,1
17,0,0
18,0,0
19,1,1
20,0,1
21,1,0
22,0,1
23,1,1
24,1,1
25,2,1
26,2,1
27,1,1
28,0,0
29,1,0
30,3,0
31,1,0
32,1,0
33,2,0
34,3,1
35,2,0
36,2,0
37,0,1
38,3,1
39,2,1
40,2,0
41,0,1
42,3,0
43,3,1
44,0,0
45,0,0
46,3,0
47,1,1
48,1,1
49,1,1
50,3,1
51,0,1
52,0,1
53,2,0
54,3,0
55,3,0
56,1,0
57,0,1
58,0,1
59,2,1
60,1,1
61,1,1
62,1,1
63,1,0
64,2,1
65,3,1
66,2,0
67,3,1
68,1,1
69,3,1
70,2,0
71,3,0
72,3,0
73,2,1
74,3,0
75,0,0
76,1,1
77,3,0
78,3,1
79,0,0
80,0,1
81,2,1
82,2,1
83,0,0
84,0,0
85,2,0
86,1,0
87,1,1
88,0,0
89,3,0
90,0,1
91,3,0
92,3,1
93,0,1
94,0,1
95,3,1
96,2,1
97,3,0
98,0,0
99,0,1
100,3,0
101,3,0
102,1,0
103,2,0
104,2,1
105,2,1
106,1,0
107,1,1
108,2,1
109,1,0
110,3,1
111,0,1
112,2,0
113,0,1
114,3,0
115,3,1
116,2,0
117,2,0
118,2,1
119,1,0
120,0,0
121,1,1
122,3,1
123,3,0
124,2,1
125,1,1
126,2,1
127,1,0
128,2,1
129,2,1
130,0,0
131,2,0
132,3,1
133,2,1
134,2,0
135,2,1
136,1,1
137,0,1
138,1,0
139,3,0
140,0,0
141,3,0
142,3,1
143,2,0
144,0,0
145,1,1
146,0,0
147,0,1
148,0,1
149,1,0
150,1,1
151,3,1
152,0,0
153,0,1
154,0,0
155,1,1
156,1,0
157,2,0
158,1,1
159,2,0
160,0,0
161,2,0
162,2,1
163,2,1
164,1,1
165,0,1
166,1,0
167,1,0
168,0,1
169,3,1
170,0,1
171,0,1
172,2,0
173,1,0
174,0,1
175,2,1
176,0,1
177,2,1
178,1,0
179,2,0
180,1,0
181,2,0
182,2,1
183,0,0
184,3,1
185,3,0
186,3,0
187,0,0
188,0,1
189,0,0
190,0,0
191,3,1
192,1,1
193,0,1
194,0,1
195,3,0
196,2,1
197,1,1
198,3,0
199,0,0
200,2,1
201,1,1
202,0,0
203,2,1
204,2,1
205,3,0
206,1,0
207,3,0
208,0,0
209,2,0
210,2,0
211,1,0
212,3,0
213,0,0
214,2,1
215,0,1
216,1,1
217,2,1
218,0,0
219,0,1
220,0,0
221,3,1
222,3,0
223,0,0
224,2,0
225,3,0
226,3,0
227,1,1
228,3,0
229,2,0
230,3,1
231,3,0
232,3,1
233,2,1
234,0,1
235,3,1
236,2,1
237,1,1
238,0,0
239,0,0
240,1,0
241,1,0
242,2,1
243,3,1
244,1,0
245,1,1
246,2,1
247,3,0
248,1,0
249,1,0
250,1,0
251,0,0
252,1,0
253,2,1
254,0,0
255,3,1
256,2,1
257,0,1
258,0,1
259,1,0
260,0,0
261,3,1
262,0,1
263,0,1
264,1,0
265,0,0
266,0,0
267,2,1
268,1,0
269,1,1
270,0,0
271,1,0
272,1,1
273,0,0
274,3,0
275,1,0
276,3,0
277,2,1
278,2,0
279,2,0
280,1,1
281,1,0
282,2,0
283,3,0
284,0,0
285,3,0
286,3,1
287,0,0
288,1,1
289,3,0
290,3,1
291,2,0
292,0,1
293,0,1
294,2,1
295,1,1
296,0,1
297,3,0
298,2,1
299,0,0
300,0,0
301,3,1
302,0,1
303,3,0
304,3,0
305,2,1
306,3,1
307,2,1
308,0,1
309,2,0
310,0,0
311,2,1
312,1,0
313,1,0
314,0,1
315,2,0
316,2,1
317,1,1
318,0,0
319,3,1
320,3,1
321,2,1
322,1,0
323,0,0
324,2,1
325,0,1
326,3,0
327,3,0
328,2,1
329,2,0
330,0,0
331,1,0
332,3,1
333,3,1
334,1,1
335,0,1
336,3,0
337,2,1
338,0,1
339,2,1
340,0,0
341,3,0
342,1,0
343,0,1
344,1,0
345,2,1
346,3,0
347,1,0
348,1,1
349,0,1
350,2,0
351,3,1
352,3,0
353,3,0
354,1,0
355,0,0
356,3,1
357,2,0
358,1,1
359,3,0
360,0,1
361,3,0
362,3,0
363,1,0
364,1,1
365,2,0
366,3,0
367,1,0
368,0,1
369,0,1
370,3,0
371,1,1
372,2,0
373,2,1
374,1,0
375,2,0
376,0,1
377,2,0
378,0,1
379,1,1
380,0,0
381,0,0
382,2,1
383,2,0
384,1,0
385,2,0
386,2,1
387,3,1
388,3,1
389,3,0
390,1,0
391,3,1
392,0,1
393,0,0
394,1,0
395,0,0
396,0,0
397,2,0
398,0,0
399,3,0
400,1,1
401,3,0
402,1,0
403,2,1
404,1,1
405,3,1
406,3,0
407,2,0
408,2,0
409,0,1
410,2,1
411,1,1
412,2,0
413,2,1
414,3,1
415,2,0
416,3,0
417,3,1
418,0,1
419,2,0
420,2,1
421,3,1
422,1,1
423,2,0
424,1,1
425,2,0
426,0,0
427,2,0
428,0,1
429,3,0
430,0,0
431,1,0
432,0,0
433,0,0
434,2,1
435,2,1
436,0,0
437,3,0
438,2,0
439,0,0
440,0,0
441,2,0
442,0,1
443,3,1
444,2,1
445,0,1
446,2,1
447,2,0
448,0,1
449,0,0
450,3,0
451,0,1
452,1,1
453,3,0
454,1,0
455,1,0
456,1,0
457,2,0
458,1,0
459,3,1
460,0,1
461,3,0
462,1,1
463,0,0
464,0,1
465,0,0
466,2,0
467,3,1
468,1,0
469,2,0
470,1,1
471,1,0
472,0,1
473,2,1
474,3,1
475,1,1
476,1,1
477,1,1
478,3,1
479,0,0
480,1,0
481,0,1
482,1,0
483,2,1
484,1,1
485,2,0
486,2,1
487,3,1
488,3,1
489,2,0
490,1,0
491,3,1
492,1,0
493,3,1
494,0,0
495,3,0
496,1,0
497,0,1
498,2,1
499,2,0
500,0,0
501,0,1
502,3,1
503,0,1
504,0,0
505,0,0
506,1,0
507,2,0
508,1,1
509,1,0
510,0,1
511,1,0
512,0,1
513,3,0
514,1,0
515,0,1
516,3,1
517,2,1
518,1,0
519,1,1
520,3,0
521,2,1
522,0,0
523,2,1
524,2,1
525,2,1
526,2,1
527,2,0
528,0,1
529,1,0
530,2,0
531,1,1
532,0,1
533,2,1
534,1,1
535,1,1
536,0,1
537,2,1
538,1,0
539,0,0
540,2,0
541,0,0
542,0,0
543,0,0
544,2,1
545,0,0
546,1,1
547,1,1
548,0,0
549,2,1
550,3,0
551,0,1
552,1,0
553,0,1
554,0,1
555,2,0
556,0,0
557,3,0
558,0,1
559,0,0
560,1,1
561,1,1
562,2,0
563,0,1
564,1,0
565,0,1
566,2,0
567,3,0
568,1,0
569,3,0
570,1,0
571,2,0
572,0,1
573,3,0
574,1,1
575,2,1
576,2,0
577,1,1
578,1,1
579,2,0
580,1,0
581,0,1
582,1,0
583,2,0
584,3,1
585,1,0
586,2,1
587,3,1
588,2,0
589,2,1
590,3,0
591,1,1
592,1,0
593,0,0
594,1,0
595,2,1
596,0,0
597,1,0
598,3,1
599,0,0
600,2,1
601,3,1
602,3,0
603,2,0
604,2,1
605,0,1
606,2,1
607,1,0
608,0,1
609,0,0
610,3,1
611,1,1
612,0,1
613,2,0
614,2,1
615,1,0
616,3,1
617,1,0
618,0,0
619,3,0
620,1,0
621,3,0
622,3,0
623,3,1
624,1,0
625,3,1
626,1,0
627,3,1
628,1,0
629,3,1
630,0,0
631,0,1
632,3,0
633,2,0
634,3,0
635,0,0
636,3,1
637,0,0
638,1,1
639,3,0
640,1,1
641,3,0
642,3,0
643,1,1
644,3,0
645,0,0
646,1,1
647,0,1
648,0,0
649,0,0
650,3,1
651,3,1
652,3,0
653,3,0
654,1,1
655,2,1
656,3,0
657,1,1
658,1,1
659,3,1
660,3,1
661,1,0
662,1,1
663,3,0
664,2,0
665,3,1
666,2,0
667,1,0
668,1,0
669,1,0
670,0,1
671,0,1
672,3,0
673,2,0
674,1,0
675,3,1
676,2,1
677,2,0
678,2,1
679,2,0
680,3,0
681,0,1
682,2,0
683,2,1
684,2,0
685,3,0
686,3,1
687,3,0
688,2,1
689,0,0
690,1,0
691,0,1
692,2,0
693,0,0
694,0,1
695,2,1
696,3,0
697,2,1
698,0,0
699,0,0
700,0,1
701,1,1
702,1,0
703,1,0
704,1,1
705,3,1
706,2,0
707,0,0
708,3,1
709,1,0
710,2,0
711,1,0
712,0,0
713,0,1
714,0,1
715,2,0
716,1,1
717,3,1
718,3,0
719,1,0
720,2,1
721,0,0
722,3,1
723,1,0
724,3,1
725,3,1
726,0,1
727,1,0
728,0,0
729,1,0
730,1,0
731,3,1
732,1,1
733,3,1
734,1,0
735,0,1
736,2,0
737,3,1
738,3,0
739,2,0
740,2,1
741,3,0
742,1,0
743,0,0
744,2,1
745,1,1
746,1,0
747,2,1
748,2,1
749,0,0
750,0,0
751,0,0
752,2,0
753,0,0
754,3,0
755,1,0
756,2,0
757,3,1
758,2,0
759,1,1
760,0,1
761,0,0
762,2,0
763,1,0
764,1,1
765,1,0
766,1,0
767,1,1
768,3,0
769,3,1
770,0,1
771,0,0
772,3,0
773,3,0
774,0,1
775,1,0
776,2,0
777,2,0
778,3,0
779,2,0
780,3,1
781,0,0
782,1,0
783,0,0
784,3,0
785,0,0
786,3,0
787,1,1
788,3,1
789,3,1
790,1,1
791,1,0
792,3,0
793,2,1
794,3,1
795,0,0
796,2,0
797,0,0
798,0,1
799,2,1
800,1,1
801,2,0
802,0,1
803,2,0
804,1,1
805,1,1
806,3,1
807,3,1
808,0,0
809,3,0
810,0,0
811,2,1
812,3,0
813,1,1
814,0,1
815,3,1
816,2,0
817,0,1
818,0,1
819,3,0
820,1,1
821,3,1
822,3,0
823,1,1
824,1,1
825,0,0
826,2,0
827,0,0
828,3,0
829,2,0
830,3,1
831,3,0
832,1,1
833,2,1
834,1,1
835,2,0
836,3,0
837,2,0
838,0,0
839,2,1
840,0,1
841,0,1
842,0,0
843,2,0
844,1,1
845,1,1
846,0,0
847,3,0
848,3,0
849,1,1
850,3,0
851,0,1
852,1,1
853,2,1
854,3,1
855,3,1
856,1,0
857,0,0
858,1,0
859,1,0
860,2,0
861,1,1
862,2,0
863,0,0
864,1,0
865,2,1
866,0,1
867,2,0
868,1,0
869,2,0
870,1,1
871,2,1
872,2,0
873,3,0
874,2,1
875,0,1
876,1,1
877,0,0
878,0,0
879,0,0
880,3,0
881,1,1
882,3,0
883,2,0
884,3,0
885,1,1
886,3,1
887,1,0
888,2,1
889,1,0
890,0,1
891,0,1
892,3,1
893,2,0
894,1,0
895,0,1
896,0,0
897,2,0
898,1,1
899,1,0
900,0,1
901,3,0
902,3,0
903,2,0
904,0,0
905,3,0
906,1,1
907,3,1
908,0,1
909,2,0
910,0,1
911,3,1
912,1,1
913,2,1
914,3,1
915,3,0
916,1,1
917,2,1
918,1,1
919,0,1
920,3,0
921,1,1
922,0,1
923,1,1
924,3,1
925,2,1
926,3,0
927,3,0
928,1,0
929,0,0
930,0,0
931,1,1
932,1,0
933,3,0
934,1,0
935,1,1
936,1,1
937,2,1
938,3,1
939,1,1
940,0,1
941,2,1
942,2,1
943,3,1
944,1,0
945,1,0
946,0,0
947,0,0
948,0,1
949,1,0
950,3,0
951,0,1
952,1,0
953,1,0
954,0,0
955,0,0
956,3,1
957,1,0
958,1,0
959,0,0
960,3,1
961,3,0
962,1,0
963,0,1
964,0,0
965,2,0
966,1,0
967,1,1
968,2,0
969,3,0
970,2,0
971,0,0
972,0,1
973,1,1
974,2,0
975,1,1
976,2,1
977,1,1
978,2,1
979,0,1
980,2,0
981,0,0
982,3,1
983,1,1
984,2,1
985,0,0
986,0,1
987,3,1
988,0,1
989,0,1
990,2,0
991,3,0
992,3,1
993,2,0
994,2,1
995,1,0
996,1,0
997,1,0
998,2,0
999,2,1
1000,2,1
1001,3,1
1002,1,1
1003,1,1
1004,0,0
1005,1,0
1006,3,0
1007,0,0
1008,3,0
1009,2,1
1010,3,0
1011,1,0
1012,2,0
1013,1,0
1014,0,0
1015,2,1
1016,2,0
1017,0,1
1018,1,1
1019,2,0
1020,2,1
1021,3,0
1022,1,1
1023,0,0
1024,2,1
1025,2,0
1026,1,0
1027,1,1
1028,2,0
1029,2,1
1030,1,0
1031,0,1
1032,0,0
1033,1,0
1034,3,1
1035,2,1
1036,0,1
1037,3,1
1038,1,1
1039,2,1
1040,0,1
1041,1,1
1042,1,1
1043,1,0
1044,2,0
1045,2,1
1046,0,1
1047,3,0
1048,3,1
1049,2,0
1050,2,1
1051,1,0
1052,2,0
1053,3,0
1054,1,1
1055,1,1
1056,0,1
1057,3,1
1058,2,0
1059,0,0
1060,1,0
1061,1,0
1062,1,1
1063,3,0
1064,2,0
1065,1,1
1066,0,1
1067,0,0
1068,3,1
1069,0,0
1070,3,1
1071,0,0
1072,3,0
1073,2,1
1074,3,1
1075,0,0
1076,1,0
1077,1,1
1078,0,0
1079,2,1
1080,3,1
1081,3,1
1082,2,1
1083,1,1
1084,0,1
1085,2,0
1086,3,0
1087,2,0
1088,1,1
1089,3,0
1090,1,1
1091,1,1
1092,3,0
1093,2,0
1094,0,0
1095,3,1
1096,2,0
1097,3,1
1098,1,0
1099,0,0
1100,0,1
1101,2,0
1102,3,1
1103,0,1
1104,0,1
1105,3,1
1106,2,0
1107,0,0
1108,2,0
1109,2,0
1110,3,0
1111,0,1
1112,3,0
1113,2,1
1114,1,1
1115,3,1
1116,2,0
1117,0,0
1118,3,0
1119,2,1
1120,3,0
1121,1,1
1122,1,0
1123,2,0
1124,1,1
1125,0,0
1126,3,1
1127,0,1
1128,2,1
1129,0,1
1130,1,1
1131,2,0
1132,0,1
1133,0,1
1134,3,1
1135,0,1
1136,3,1
1137,2,1
1138,3,1
1139,3,1
1140,3,1
1141,3,0
1142,2,1
1143,3,0
1144,1,1
1145,3,0
1146,2,0
1147,2,1
1148,3,0
1149,0,1
1150,2,0
1151,1,1
1152,1,1
1153,0,1
1154,2,0
1155,1,0
1156,3,0
1157,0,0
1158,3,0
1159,2,1
1160,2,1
1161,2,0
1162,1,0
1163,3,0
1164,0,1
1165,1,0
1166,0,1
1167,2,0
1168,3,0
1169,0,1
1170,1,1
1171,2,0
1172,1,0
1173,2,1
1174,3,1
1175,3,1
1176,1,1
1177,2,0
1178,1,1
1179,2,0
1180,3,1
1181,1,1
1182,3,0
1183,0,0
1184,2,1
1185,0,0
1186,3,1
1187,2,0
1188,1,1
1189,0,0
1190,2,1
1191,1,1
1192,1,1
1193,1,1
1194,0,0
1195,3,1
1196,3,1
1197,0,1
1198,2,0
1199,1,1
1200,3,1
1201,0,1
1202,2,1
1203,0,1
1204,3,1
1205,2,0
1206,0,0
1207,1,1
1208,1,0
1209,3,0
1210,2,0
1211,3,1
1212,1,1
1213,2,0
1214,3,1
1215,2,0
1216,1,0
1217,3,1
1218,3,1
1219,3,0
1220,2,0
1221,0,0
1222,2,1
1223,3,0
1224,2,1
1225,1,1
1226,3,1
1227,1,1
1228,0,0
1229,3,1
1230,0,1
1231,3,0
1232,3,1
1233,2,1
1234,1,0
1235,3,0
1236,1,1
1237,3,1
1238,3,0
1239,0,0
1240,0,0
1241,1,1
1242,3,0
1243,2,1
1244,0,1
1245,1,1
1246,3,1
1247,2,1
1248,0,0
1249,1,0
1250,2,0
1251,0,1
1252,3,0
1253,3,1
1254,2,1
1255,1,1
1256,3,0
1257,0,1
1258,0,1
1259,3,1
1260,3,1
1261,1,0
1262,3,0
1263,3,0
1264,2,1
1265,1,0
1266,0,0
1267,3,0
1268,3,1
1269,0,0
1270,2,1
1271,2,0
1272,3,1
1273,2,1
1274,3,1
1275,1,0
1276,3,1
1277,0,1
1278,1,0
1279,2,0
1280,1,0
1281,1,0
1282,2,1
1283,1,1
1284,0,0
1285,2,0
1286,1,0
1287,2,0
1288,0,1
1289,2,1
1290,1,1
1291,2,1
1292,2,1
1293,2,1
1294,3,1
1295,3,1
1296,0,0
1297,0,0
1298,2,0
1299,1,0
1300,1,1
1301,1,1
1302,3,1
1303,3,1
1304,0,0
1305,3,1
1306,1,1
1307,2,1
1308,0,1
1309,2,0
1310,2,1
1311,1,1
1312,0,1
1313,2,0
1314,3,1
1315,1,1
1316,1,1
1317,1,0
1318,0,0
1319,3,1
1320,3,0
1321,0,0
1322,2,1
1323,1,1
1324,0,1
1325,3,0
1326,2,0
1327,2,0
1328,2,1
1329,1,0
1330,2,0
1331,2,1
1332,3,0
1333,1,0
1334,3,1
1335,1,0
1336,3,0
1337,1,0
1338,0,1
1339,1,0
1340,1,1
1341,1,0
1342,1,1
1343,1,1
1344,2,1
1345,3,0
1346,3,1
1347,0,1
1348,1,0
1349,3,0
1350,2,0
1351,3,0
1352,0,1
1353,2,0
1354,2,0
1355,3,1
1356,3,1
1357,0,1
1358,2,0
1359,1,0
1360,1,0
1361,0,1
1362,0,0
1363,2,0
1364,0,1
1365,3,0
1366,2,0
1367,3,0
1368,1,0
1369,3,0
1370,1,0
1371,1,0
1372,0,1
1373,0,0
1374,1,0
1375,0,0
1376,3,1
1377,2,1
1378,1,0
1379,1,0
1380,1,1
1381,1,0
1382,0,0
1383,2,1
1384,1,0
1385,0,1
1386,0,0
1387,1,0
1388,1,0
1389,0,1
1390,3,1
1391,1,1
1392,3,0
1393,3,0
1394,0,1
1395,3,0
1396,2,1
1397,2,1
1398,1,0
1399,3,0
1400,1,1
1401,3,1
1402,2,0
1403,3,0
1404,0,1
1405,1,1
1406,0,1
1407,3,0
1408,1,0
1409,0,1
1410,1,1
1411,3,1
1412,0,1
1413,3,0
1414,1,1
1415,2,0
1416,1,0
1417,3,1
1418,3,0
1419,0,1
1420,2,1
1421,0,0
1422,1,0
1423,0,1
1424,0,1
1425,3,0
1426,2,1
1427,1,1
1428,0,1
1429,1,0
1430,0,1
1431,0,1
1432,1,0
1433,2,0
1434,1,1
1435,2,1
1436,1,0
1437,2,0
1438,3,1
1439,3,0
1440,1,0
1441,2,1
1442,1,1
1443,1,1
1444,3,0
1445,0,1
1446,0,1
1447,1,0
1448,3,0
1449,2,0
1450,2,1
1451,3,1
1452,0,0
1453,3,0
1454,2,1
1455,0,0
1456,0,1
1457,0,1
1458,0,0
1459,0,0
1460,0,1
1461,2,1
1462,3,0
1463,0,0
1464,2,1
1465,1,1
1466,2,0
1467,1,1
1468,2,1
1469,0,0
1470,2,0
1471,0,0
1472,1,0
1473,3,0
1474,3,1
1475,2,0
1476,1,1
1477,0,1
1478,3,0
1479,1,0
1480,2,1
1481,1,0
1482,0,1
1483,3,1
1484,1,0
1485,2,1
1486,0,1
1487,1,1
1488,2,1
1489,1,0
1490,3,0
1491,1,1
1492,2,1
1493,0,0
1494,3,0
1495,0,0
1496,3,0
1497,1,1
1498,2,0
1499,3,1
1500,0,0
1501,2,1
1502,1,0
1503,3,0
1504,2,1
1505,2,1
1506,1,1
1507,2,0
1508,3,0
1509,3,0
1510,1,1
1511,2,0
1512,2,1
1513,0,0
1514,0,0
1515,1,1
1516,0,1
1517,2,0
1518,0,1
1519,2,0
1520,3,1
1521,1,0
1522,3,1
1523,1,0
1524,2,1
1525,1,1
1526,0,1
1527,2,0
1528,0,1
1529,0,0
1530,3,1
1531,1,0
1532,1,1
1533,1,1
1534,1,0
1535,0,1
1536,1,0
1537,1,0
1538,0,1
1539,2,1
1540,1,1
1541,1,1
1542,1,0
1543,2,0
1544,0,0
1545,3,0
1546,0,1
1547,0,1
1548,2,1
1549,2,0
1550,2,0
1551,0,1
1552,1,1
1553,0,0
1554,1,1
1555,3,1
1556,1,0
1557,3,1
1558,0,1
1559,3,1
1560,3,0
1561,0,1
1562,1,0
1563,0,1
1564,1,0
1565,3,1
1566,1,0
1567,3,1
1568,2,0
1569,1,0
1570,3,0
1571,0,0
1572,3,0
1573,1,0
1574,1,1
1575,0,0
1576,1,1
1577,1,0
1578,0,1
1579,0,0
1580,3,0
1581,2,0
1582,2,1
1583,0,1
1584,2,1
1585,1,1
1586,1,1
1587,3,0
1588,1,0
1589,3,1
1590,1,0
1591,0,1
1592,2,0
1593,2,0
1594,2,1
1595,3,0
1596,3,0
1597,0,0
1598,0,1
1599,2,0
1600,0,1
1601,2,0
1602,1,0
1603,3,1
1604,2,0
1605,3,0
1606,0,0
1607,2,1
1608,1,0
1609,0,1
1610,0,1
1611,3,1
1612,2,1
1613,2,1
1614,2,0
1615,0,1
1616,3,1
1617,2,1
1618,2,1
1619,3,1
1620,3,1
1621,0,0
1622,1,1
1623,1,0
1624,3,0
1625,1,1
1626,1,1
1627,0,1
1628,1,1
1629,3,1
1630,2,1
1631,1,0
1632,1,0
1633,1,1
1634,2,1
1635,0,0
1636,0,0
1637,1,1
1638,1,0
1639,3,1
1640,3,1
1641,2,0
1642,1,1
1643,0,1
1644,1,1
1645,1,0
1646,1,0
1647,1,1
1648,1,1
1649,3,0
1650,3,1
1651,0,1
1652,2,1
1653,1,0
1654,0,0
1655,2,1
1656,1,1
1657,3,0
1658,3,1
1659,0,1
1660,0,1
1661,3,0
1662,0,0
1663,3,1
1664,3,1
1665,3,0
1666,0,1
1667,3,1
1668,3,1
1669,0,1
1670,2,0
1671,1,1
1672,3,1
1673,1,0
1674,0,1
1675,2,1
1676,0,1
1677,0,0
1678,0,1
1679,1,1
1680,1,0
1681,2,0
1682,1,1
1683,1,0
1684,3,0
1685,3,0
1686,1,0
1687,0,0
1688,2,1
1689,2,1
1690,2,0
1691,0,0
1692,2,0
1693,3,1
1694,3,0
1695,2,0
1696,2,1
1697,3,0
1698,1,0
1699,0,0
1700,2,1
1701,0,1
1702,3,1
1703,2,0
1704,0,0
1705,0,0
1706,1,1
1707,0,1
1708,3,0
1709,1,0
1710,0,1
1711,0,0
1712,2,0
1713,1,0
1714,2,0
1715,2,1
1716,1,1
1717,3,1
1718,1,0
1719,1,0
1720,0,1
1721,2,0
1722,3,0
1723,2,0
1724,2,1
1725,0,0
1726,3,1
1727,0,0
1728,2,0
1729,2,1
1730,0,0
1731,2,0
1732,2,0
1733,1,0
1734,3,0
1735,0,1
1736,0,1
1737,1,1
1738,0,0
1739,3,1
1740,3,1
1741,3,0
1742,0,1
1743,3,1
1744,1,1
1745,2,0
1746,3,0
1747,0,0
1748,2,1
1749,3,0
1750,2,0
1751,2,0
1752,3,0
1753,3,1
1754,1,1
1755,0,1
1756,1,1
1757,1,0
1758,0,0
1759,3,1
1760,3,0
1761,1,1
1762,3,0
1763,0,1
1764,1,0
1765,3,0
1766,3,0
1767,3,0
1768,1,1
1769,0,1
1770,0,1
1771,1,1
1772,0,0
1773,3,0
1774,2,1
1775,0,0
1776,2,1
1777,0,0
1778,0,1
1779,1,1
1780,0,0
1781,2,1
1782,3,1
1783,2,1
1784,2,1
1785,3,0
1786,3,1
1787,3,1
1788,1,1
1789,1,0
1790,1,1
1791,2,1
1792,3,1
1793,0,0
1794,2,0
1795,1,1
1796,2,0
1797,0,0
1798,3,0
1799,2,1
1800,3,1
1801,1,0
1802,2,1
1803,2,1
1804,0,0
1805,3,0
1806,1,0
1807,2,0
1808,0,1
1809,0,0
1810,0,0
1811,1,1
1812,0,0
1813,1,0
1814,1,1
1815,2,1
1816,1,1
1817,0,0
1818,3,0
1819,1,0
1820,1,0
1821,2,0
1822,1,1
1823,2,1
1824,2,0
1825,3,0
1826,3,0
1827,0,1
1828,3,0
1829,3,0
1830,0,0
1831,1,1
1832,1,0
1833,0,0
1834,2,0
1835,2,1
1836,0,1
1837,1,1
1838,2,0
1839,3,0
1840,0,1
1841,1,0
1842,0,0
1843,3,1
1844,2,1
1845,2,0
1846,3,1
1847,0,0
1848,3,1
1849,1,0
1850,1,0
1851,1,0
1852,0,1
1853,1,0
1854,0,1
1855,2,1
1856,2,1
1857,3,0
1858,3,0
1859,3,1
1860,0,0
1861,2,1
1862,1,1
1863,1,0
1864,1,0
1865,2,0
1866,2,0
1867,3,0
1868,0,1
1869,1,0
1870,0,0
1871,1,1
1872,0,0
1873,0,0
1874,1,1
1875,2,0
1876,1,0
1877,2,1
1878,1,0
1879,2,0
1880,3,0
1881,1,0
1882,0,0
1883,3,0
1884,2,1
1885,0,1
1886,2,0
1887,3,1
1888,1,0
1889,2,0
1890,1,1
1891,1,0
1892,1,0
1893,2,1
1894,2,1
1895,3,1
1896,1,1
1897,2,0
1898,2,0
1899,0,1
1900,3,0
1901,2,1
1902,2,1
1903,1,0
1904,1,1
1905,0,1
1906,1,0
1907,1,1
1908,2,0
1909,1,1
1910,1,1
1911,3,0
1912,1,0
1913,2,1
1914,0,0
1915,1,1
1916,0,0
1917,1,0
1918,1,1
1919,1,1
1920,0,0
1921,2,0
1922,0,0
1923,0,1
1924,2,1
1925,3,0
1926,1,1
1927,0,0
1928,0,0
1929,1,1
1930,2,1
1931,3,0
1932,3,0
1933,0,0
1934,1,1
1935,1,0
1936,2,0
1937,3,1
1938,3,1
1939,3,0
1940,0,0
1941,0,0
1942,0,1
1943,2,0
1944,0,1
1945,1,1
1946,3,0
1947,2,0
1948,2,0
1949,3,0
1950,0,0
1951,3,1
1952,2,1
1953,2,0
1954,2,0
1955,2,0
1956,1,1
1957,3,1
1958,2,0
1959,3,0
1960,0,1
1961,1,1
1962,2,0
1963,0,1
1964,0,0
1965,1,0
1966,0,1
1967,2,0
1968,2,0
1969,0,0
1970,2,1
1971,1,1
1972,2,0
1973,0,0
1974,3,0
1975,0,0
1976,0,1
1977,1,0
1978,2,1
1979,2,0
1980,0,1
1981,0,1
1982,2,1
1983,0,0
1984,2,0
1985,2,1
1986,0,1
1987,3,0
1988,0,1
1989,0,1
1990,3,1
1991,2,0
1992,1,0
1993,1,0
1994,3,1
1995,2,0
1996,2,1
1997,3,1
1998,3,0
1999,1,0
2000,0,0
2001,3,0
2002,0,0
2003,2,1
2004,0,1
2005,1,0
2006,1,0
2007,3,1
2008,1,1
2009,0,1
2010,0,1
2011,0,0
2012,0,1
2013,0,1
2014,0,0
2015,1,0
2016,3,0
2017,3,1
2018,3,0
2019,1,1
2020,2,1
2021,1,1
2022,2,1
2023,0,0
2024,2,0
2025,0,1
2026,0,1
2027,2,0
2028,3,1
2029,0,0
2030,2,1
2031,3,0
2032,2,0
2033,2,1
2034,3,1
2035,3,1
2036,2,0
2037,1,1
2038,1,1
2039,2,1
2040,2,1
2041,3,1
2042,0,0
2043,3,1
2044,0,0
2045,1,0
2046,3,0
2047,3,1
2048,3,0
2049,3,0
2050,0,0
2051,3,1
2052,2,1
2053,2,0
2054,3,1
2055,2,0
2056,2,0
2057,1,1
2058,3,0
2059,2,1
2060,3,0
2061,0,1
2062,1,1
2063,3,1
2064,1,1
2065,3,1
2066,1,0
2067,0,1
2068,3,1
2069,2,0
2070,1,1
2071,1,0
2072,0,0
2073,0,1
2074,3,0
2075,3,1
2076,1,1
2077,3,1
2078,1,1
2079,3,0
2080,1,0
2081,3,1
2082,2,0
2083,1,1
2084,2,1
2085,0,1
2086,2,0
2087,2,0
2088,1,1
2089,2,1
2090,1,1
2091,2,0
2092,0,1
2093,3,1
2094,0,0
2095,2,0
2096,0,1
2097,3,1
2098,3,1
2099,3,1
2100,2,1
2101,1,1
2102,1,0
2103,0,1
2104,1,0
2105,0,0
2106,0,1
2107,2,1
2108,3,0
2109,2,1
2110,1,0
2111,0,1
2112,0,1
2113,1,1
2114,2,0
2115,3,1
2116,2,1
2117,2,0
2118,1,1
2119,0,1
2120,2,0
2121,3,0
2122,3,1
2123,1,1
2124,3,1
2125,0,1
2126,3,1
2127,0,0
2128,0,0
2129,1,1
2130,2,0
2131,3,0
2132,0,0
2133,1,0
2134,2,1
2135,3,1
2136,0,0
2137,0,1
2138,3,0
2139,1,1
2140,3,1
2141,2,1
2142,1,0
2143,1,0
2144,3,1
2145,1,1
2146,1,1
2147,2,0
2148,2,1
2149,3,0
2150,3,0
2151,0,0
2152,3,0
2153,0,1
2154,3,1
2155,1,1
2156,2,0
2157,1,0
2158,1,1
2159,0,0
2160,0,0
2161,1,1
2162,1,1
2163,0,0
2164,3,1
2165,1,1
2166,1,1
2167,2,1
2168,0,1
2169,2,1
2170,3,0
2171,2,0
2172,1,1
2173,2,0
2174,0,0
2175,2,1
2176,0,0
2177,3,0
2178,1,1
2179,1,1
2180,3,1
2181,0,1
2182,3,1
2183,1,0
2184,3,0
2185,1,1
2186,1,1
2187,3,1
2188,0,1
2189,2,0
2190,3,1
2191,2,0
2192,0,0
2193,2,1
2194,3,0
2195,0,1
2196,1,0
2197,1,1
2198,1,1
2199,1,1
2200,0,0
2201,1,1
2202,2,1
2203,1,0
2204,2,1
2205,2,1
2206,0,1
2207,2,1
2208,1,0
2209,1,0
2210,0,0
2211,2,1
2212,2,1
2213,2,1
2214,1,1
2215,2,1
2216,2,1
2217,3,0
2218,1,1
2219,0,0
2220,0,1
2221,1,1
2222,3,0
2223,3,1
2224,2,1
2225,2,1
2226,2,1
2227,2,0
2228,0,0
2229,2,0
2230,0,1
2231,2,1
2232,2,0
2233,2,1
2234,1,0
2235,2,1
2236,0,0
2237,0,1
2238,2,1
2239,0,0
2240,1,0
2241,2,0
2242,1,1
2243,3,0
2244,0,0
2245,0,0
2246,1,1
2247,0,1
2248,3,1
2249,1,1
2250,2,1
2251,1,0
2252,3,1
2253,3,0
2254,2,0
2255,2,1
2256,0,0
2257,3,1
2258,3,0
2259,2,1
2260,2,1
2261,2,1
2262,2,1
2263,0,0
2264,0,1
2265,2,0
2266,1,1
2267,1,1
2268,1,0
2269,1,0
2270,3,1
2271,0,1
2272,3,1
2273,2,1
2274,1,0
2275,3,0
2276,1,0
2277,3,0
2278,1,1
2279,2,0
2280,1,1
2281,3,0
2282,0,1
2283,0,1
2284,2,1
2285,3,1
2286,1,0
2287,2,1
2288,2,1
2289,1,1
2290,2,1
2291,1,0
2292,1,0
2293,1,0
2294,3,0
2295,2,1
2296,2,0
2297,2,0
2298,1,1
2299,2,1
2300,3,1
2301,0,1
2302,3,0
2303,2,0
2304,3,1
2305,1,0
2306,0,0
2307,0,1
2308,3,1
2309,1,0
2310,1,0
2311,1,0
2312,1,0
2313,0,1
2314,3,0
2315,2,0
2316,0,1
2317,3,1
2318,3,1
2319,0,1
2320,1,1
2321,2,0
2322,3,1
2323,2,0
2324,0,0
2325,3,0
2326,3,0
2327,2,1
2328,0,1
2329,2,1
2330,3,0
2331,0,0
2332,3,0
2333,0,0
2334,2,0
2335,0,1
2336,2,1
2337,2,1
2338,3,0
2339,2,1
2340,1,0
2341,0,0
2342,2,1
2343,2,0
2344,1,1
2345,1,1
2346,0,1
2347,0,0
2348,2,1
2349,1,0
2350,0,0
2351,3,1
2352,0,0
2353,0,0
2354,3,1
2355,1,1
2356,1,1
2357,2,1
2358,3,1
2359,1,0
2360,3,0
2361,1,1
2362,2,1
2363,3,1
2364,2,0
2365,2,1
2366,3,0
2367,3,0
2368,2,0
2369,1,1
2370,0,1
2371,0,1
2372,2,1
2373,0,0
2374,2,0
2375,1,1
2376,0,0
2377,3,0
2378,2,1
2379,2,1
2380,0,1
2381,2,0
2382,1,1
2383,0,0
2384,3,0
2385,2,1
2386,2,0
2387,0,1
2388,0,0
2389,2,1
2390,2,0
2391,1,1
2392,2,1
2393,3,1
2394,0,1
2395,2,1
2396,0,0
2397,3,1
2398,2,1
2399,3,1
2400,3,0
2401,0,1
2402,1,1
2403,1,0
2404,2,0
2405,1,0
2406,1,1
2407,3,0
2408,0,0
2409,1,0
2410,3,0
2411,1,1
2412,2,0
2413,1,1
2414,0,1
2415,3,0
2416,1,1
2417,3,1
2418,3,0
2419,0,0
2420,2,1
2421,1,0
2422,3,1
2423,3,0
2424,3,1
2425,0,1
2426,3,1
2427,3,1
2428,3,1
2429,2,1
2430,0,1
2431,2,1
2432,0,1
2433,2,1
2434,3,1
2435,0,1
2436,1,1
2437,2,0
2438,1,0
2439,3,0
2440,3,0
2441,1,0
2442,1,0
2443,2,0
2444,2,1
2445,2,0
2446,2,1
2447,3,0
2448,3,1
2449,3,1
2450,0,0
2451,3,0
2452,0,0
2453,2,1
2454,2,0
2455,1,1
2456,0,0
2457,1,0
2458,3,0
2459,3,0
2460,2,1
2461,0,0
2462,2,0
2463,0,0
2464,2,0
2465,0,1
2466,1,1
2467,3,0
2468,2,0
2469,3,0
2470,2,1
2471,2,1
2472,0,1
2473,3,0
2474,2,1
2475,3,0
2476,1,1
2477,2,1
2478,2,1
2479,3,0
2480,3,0
2481,1,1
2482,0,1
2483,0,0
2484,0,1
2485,2,1
2486,1,1
2487,3,1
2488,0,1
2489,3,1
2490,3,0
2491,1,0
2492,2,1
2493,0,0
2494,2,0
2495,3,1
2496,1,0
2497,2,0
2498,2,0
2499,3,1
2500,2,0
2501,3,1
2502,2,1
2503,2,1
2504,1,0
2505,1,0
2506,2,0
2507,3,1
2508,1,0
2509,2,0
2510,0,1
2511,3,0
2512,0,0
2513,2,0
2514,3,0
2515,3,0
2516,1,0
2517,0,0
2518,3,1
2519,1,0
2520,2,0
2521,2,0
2522,3,0
2523,1,0
2524,0,0
2525,1,0
2526,1,0
2527,2,1
2528,1,0
2529,3,1
2530,2,0
2531,0,1
2532,3,1
2533,3,0
2534,0,1
2535,0,0
2536,0,0
2537,3,0
2538,2,1
2539,3,0
2540,3,1
2541,3,0
2542,0,0
2543,3,1
2544,3,1
2545,1,0
2546,1,0
2547,2,1
2548,0,1
2549,1,0
2550,0,1
2551,1,1
2552,1,0
2553,2,1
2554,3,1
2555,2,0
2556,1,1
2557,3,1
2558,2,0
2559,1,0
2560,1,1
2561,0,1
2562,1,1
2563,2,0
2564,2,1
2565,3,1
2566,0,0
2567,2,1
2568,0,1
2569,0,1
2570,3,1
2571,3,0
2572,0,0
2573,2,1
2574,2,0
2575,2,0
2576,0,0
2577,3,0
2578,3,1
2579,0,1
2580,3,1
2581,3,1
2582,2,1
2583,2,1
2584,1,1
2585,0,0
2586,2,0
2587,0,1
2588,3,0
2589,0,0
2590,2,1
2591,3,0
2592,1,0
2593,1,1
2594,3,0
2595,3,0
2596,2,0
2597,0,1
2598,1,0
2599,1,1
2600,2,0
2601,3,0
2602,1,0
2603,2,1
2604,2,1
2605,2,0
2606,1,1
2607,0,1
2608,2,0
2609,1,1
2610,1,1
2611,0,1
2612,1,1
2613,0,0
2614,2,0
2615,3,0
2616,3,0
2617,3,1
2618,2,1
2619,0,1
2620,2,1
2621,0,0
2622,0,0
2623,0,1
2624,1,1
2625,0,0
2626,0,1
2627,3,1
2628,2,1
2629,2,0
2630,1,1
2631,2,0
2632,1,0
2633,0,1
2634,1,0
2635,2,0
2636,3,0
2637,3,1
2638,3,1
2639,2,0
2640,1,1
2641,3,0
2642,3,1
2643,2,0
2644,3,1
2645,2,1
2646,1,1
2647,3,0
2648,3,0
2649,0,0
2650,1,1
2651,1,1
2652,1,1
2653,2,1
2654,1,0
2655,0,1
2656,3,0
2657,0,1
2658,0,1
2659,1,1
2660,3,0
2661,1,0
2662,1,0
2663,1,1
2664,3,0
2665,3,0
2666,2,0
2667,2,1
2668,1,1
2669,2,1
2670,3,1
2671,1,0
2672,0,1
2673,0,0
2674,3,0
2675,3,0
2676,1,1
2677,3,0
2678,3,1
2679,1,1
2680,1,0
2681,2,1
2682,3,1
2683,3,0
2684,0,1
2685,2,0
2686,0,0
2687,2,1
2688,2,1
2689,3,1
2690,1,0
2691,1,0
2692,3,0
2693,3,0
2694,1,1
2695,3,0
2696,1,1
2697,0,0
2698,1,1
2699,2,1
2700,3,0
2701,0,1
2702,0,0
2703,1,0
2704,2,1
2705,1,0
2706,2,0
2707,3,1
2708,0,1
2709,1,1
2710,0,0
2711,2,0
2712,2,0
2713,2,0
2714,2,0
2715,1,1
2716,1,1
2717,3,1
2718,2,0
2719,0,1
2720,1,0
2721,3,1
2722,0,1
2723,2,0
2724,2,0
2725,0,0
2726,2,1
2727,2,0
2728,0,0
2729,1,0
2730,2,1
2731,2,0
2732,1,0
2733,3,0
2734,0,1
2735,3,0
2736,2,1
2737,1,1
2738,2,0
2739,1,0
2740,2,0
2741,1,1
2742,1,1
2743,1,1
2744,0,0
2745,1,1
2746,1,0
2747,1,0
2748,1,1
2749,1,1
2750,1,0
2751,1,0
2752,2,1
2753,0,0
2754,0,1
2755,0,0
2756,3,1
2757,0,1
2758,0,0
2759,0,0
2760,2,0
2761,1,0
2762,0,1
2763,2,0
2764,0,1
2765,2,0
2766,1,1
2767,0,1
2768,2,1
2769,3,1
2770,1,1
2771,2,0
2772,0,0
2773,1,0
2774,1,1
2775,3,1
2776,3,0
2777,2,0
2778,1,1
2779,0,1
2780,2,0
2781,3,1
2782,3,0
2783,0,1
2784,3,1
2785,1,0
2786,3,1
2787,3,0
2788,3,0
2789,2,0
2790,1,0
2791,2,1
2792,1,1
2793,3,1
2794,1,0
2795,1,0
2796,3,0
2797,0,0
2798,0,0
2799,3,0
2800,3,0
2801,1,0
2802,0,0
2803,0,1
2804,3,1
2805,2,0
2806,0,1
2807,0,0
2808,0,1
2809,3,0
2810,0,0
2811,1,1
2812,3,0
2813,1,1
2814,1,0
2815,1,0
2816,2,0
2817,3,1
2818,0,1
2819,1,0
2820,1,0
2821,3,0
2822,1,0
2823,0,1
2824,0,1
2825,3,0
2826,0,0
2827,0,0
2828,0,1
2829,2,1
2830,3,1
2831,0,0
2832,3,1
2833,1,0
2834,3,0
2835,0,0
2836,2,0
2837,2,1
2838,0,0
2839,2,0
2840,2,1
2841,2,0
2842,0,0
2843,0,1
2844,2,0
2845,0,0
2846,3,0
2847,0,0
2848,3,1
2849,3,1
2850,3,0
2851,1,0
2852,3,0
2853,3,0
2854,1,1
2855,1,0
2856,2,0
2857,3,1
2858,2,1
2859,0,1
2860,3,1
2861,0,1
2862,1,1
2863,1,1
2864,0,0
2865,0,0
2866,3,1
2867,2,0
2868,0,0
2869,3,0
2870,2,1
2871,0,0
2872,2,0
2873,1,0
2874,1,1
2875,0,1
2876,2,1
2877,3,1
2878,0,0
2879,2,0
2880,2,0
2881,1,0
2882,1,1
2883,3,1
2884,2,1
2885,3,1
2886,0,0
2887,0,0
2888,0,0
2889,1,0
2890,3,1
2891,1,0
2892,2,0
2893,2,1
2894,1,0
2895,0,0
2896,2,0
2897,0,1
2898,1,0
2899,0,0
2900,0,1
2901,0,0
2902,1,0
2903,2,1
2904,1,1
2905,3,0
2906,2,1
2907,1,0
2908,3,1
2909,0,1
2910,2,0
2911,0,1
2912,0,0
2913,3,0
2914,2,1
2915,1,0
2916,0,0
2917,2,1
2918,0,0
2919,2,1
2920,1,1
2921,0,1
2922,2,0
2923,2,1
2924,0,0
2925,1,0
2926,2,0
2927,1,0
2928,2,1
2929,0,1
2930,2,0
2931,2,0
2932,2,0
2933,3,0
2934,2,1
2935,2,1
2936,3,1
2937,3,1
2938,0,1
2939,0,0
2940,2,0
2941,3,0
2942,2,1
2943,0,0
2944,1,0
2945,1,1
2946,3,0
2947,0,0
2948,1,1
2949,2,0
2950,3,1
2951,0,1
2952,0,0
2953,3,1
2954,1,0
2955,3,0
2956,2,1
2957,1,0
2958,0,1
2959,3,0
2960,2,1
2961,2,1
2962,1,0
2963,2,1
2964,2,0
2965,2,0
2966,2,1
2967,1,1
2968,2,1
2969,1,0
2970,2,1
2971,2,1
2972,3,1
2973,0,0
2974,3,0
2975,0,0
2976,1,1
2977,2,0
2978,2,1
2979,2,1
2980,0,1
2981,1,1
2982,0,1
2983,1,0
2984,2,0
2985,3,1
2986,3,1
2987,0,1
2988,2,1
2989,2,0
2990,3,1
2991,0,1
2992,3,1
2993,2,1
2994,0,1
2995,3,0
2996,1,1
2997,2,0
2998,0,1
2999,3,1
